AGENT,MODEL,RISK,SCENARIO,DATA,file,SCP,p,lambda,threshold,weights,PROFIT,STD-,RTP,TOPK,SORTINO,static_profit,static_std_minus,static_rtp,static_topk,static_sortino
PROP,BANDS,RISK AVERSE,---,---,test_trading_strategy_measures______None_____benchmark_prediction_False_bands_risk_averse.csv,0.2,1.75,0.7,iqr,kernel,8501.619037645205,8.781993095382518,0.0119582900551637,0.4558092505935029,968.0739833552442,10488.94785403248,10.491726423389238,0.014753646365075,0.457962019691469,999.7351656682008
PROP,BANDS,RISK AVERSE,---,HIST,test_trading_strategy_measures__hist_insample_None_False_None_MULTI_prediction_False_bands_risk_averse.csv,0.4,3.0,5.0,iqr,kernel,36490.64652597656,9.530763457089,0.0513273687665666,0.4169684063489066,3828.722293892914,39241.5991936229,12.850507855707455,0.0551968305457965,0.3967278618335273,3053.7002610518643
PROP,BANDS,RISK AVERSE,---,WEATHER,test_trading_strategy_measures__weather_scenarios_None_False_None_MULTI_prediction_False_bands_risk_averse.csv,0.45,1.25,0.0,5_95_IPR,kernel,63284.80364065809,13.767197510469227,0.0890157550777155,0.3525752749756793,4596.781849939564,61425.803002295135,13.16976874563669,0.086400903865512,0.371474312156199,4664.151982368428
PROP,BANDS,RISK AVERSE,SVS,HIST,test_trading_strategy_measures__hist_insample_None_True_dual_coeff_MULTI_prediction_False_bands_risk_averse.csv,0.35,1.25,2.0,iqr,kernel,35528.156894741616,9.99377046075094,0.0499735407328204,0.4127204237869316,3555.0303095586605,43622.637771477945,12.530697096282022,0.0613591544307966,0.3964587055569551,3481.261851299653
PROP,BANDS,RISK AVERSE,SVS,WEATHER,test_trading_strategy_measures__weather_scenarios_None_True_dual_coeff_MULTI_prediction_False_bands_risk_averse.csv,0.6000000000000001,1.25,0.0,5_95_IPR,kernel,66651.04937872638,14.064543321792184,0.0937506817727993,0.3437179430896929,4738.941596166475,63682.810079363415,13.547919537466306,0.0895755868482037,0.369613279337573,4700.560104689934
PROP,BANDS,RISK SEEKING,---,---,test_trading_strategy_measures______None_____benchmark_prediction_False_bands_risk_seeking.csv,0.3,2.0,0.9,iqr,kernel,23223.41973945418,10.256676645506836,0.0326658237786821,0.4391709401198373,2264.2246160336654,10017.168094771843,9.138771590431086,0.014090045799299,0.4663149496533239,1096.1175684990858
PROP,BANDS,RISK SEEKING,---,HIST,test_trading_strategy_measures__hist_insample_None_False_None_MULTI_prediction_False_bands_risk_seeking.csv,0.2,1.75,2.0,iqr,kernel,58919.77264410484,11.255930159259131,0.0828759472922302,0.3867620113788202,5234.553858317735,50310.38593504202,12.358566437955837,0.070766072336864,0.4039541063974629,4070.8917322747016
PROP,BANDS,RISK SEEKING,---,WEATHER,test_trading_strategy_measures__weather_scenarios_None_False_None_MULTI_prediction_False_bands_risk_seeking.csv,0.15,0.25,0.35,5_95_IPR,kernel,60213.911020570464,13.347252983513432,0.0846962690460947,0.3560708857458744,4511.333612612788,56513.36535556142,13.07645304786789,0.079491119505918,0.39311516607756,4321.765630839465
PROP,BANDS,RISK SEEKING,SVS,HIST,test_trading_strategy_measures__hist_insample_None_True_dual_coeff_MULTI_prediction_False_bands_risk_seeking.csv,0.25,0.25,0.9,iqr,kernel,56987.50985324151,10.556868586408283,0.0801580462884769,0.357209700887023,5398.145234715867,46422.18518003183,14.571687046147453,0.0652969690736816,0.4141163358875244,3185.779727015561
PROP,BANDS,RISK SEEKING,SVS,WEATHER,test_trading_strategy_measures__weather_scenarios_None_True_dual_coeff_MULTI_prediction_False_bands_risk_seeking.csv,0.35,0.25,5.0,5_95_IPR,kernel,65963.84697791723,14.1097125283387,0.092784069931091,0.3325045456061123,4675.066685124301,62294.24332096883,13.626735043243958,0.0876224431017815,0.3729256418168011,4571.4724123776
PROP,MEDIAN,RISK SEEKING,---,---,test_trading_strategy_measures______None_____benchmark_prediction_False_median_risk_seeking.csv,,0.25,0.7,5_95_IPR,kernel,43840.22830354224,16.463437165809456,0.0616652150392714,0.3669839410224538,2662.884297003769,42773.10294500427,16.01512649167852,0.0601642074657596,0.38886959702417,2670.7939501588844
PROP,MEDIAN,RISK SEEKING,---,HIST,test_trading_strategy_measures__hist_insample_None_False_None_MULTI_prediction_False_median_risk_seeking.csv,,3.0,5.0,5_95_IPR,kernel,64952.4978128146,13.408300076155752,0.0913615165786304,0.3652363049819064,4844.200789354419,67870.31842211865,13.540033957264455,0.0954656930914205,0.3686082887257473,5012.566337450364
PROP,MEDIAN,RISK SEEKING,---,WEATHER,test_trading_strategy_measures__weather_scenarios_None_False_None_MULTI_prediction_False_median_risk_seeking.csv,,1.25,0.05,5_95_IPR,kernel,68509.36753085727,14.836947778833604,0.0963645730068756,0.3374783384264317,4617.483902490562,66542.61709743289,14.437784810750406,0.0935981620391687,0.3608714210859891,4608.921518755779
PROP,MEDIAN,RISK SEEKING,SVS,HIST,test_trading_strategy_measures__hist_insample_None_True_dual_coeff_MULTI_prediction_False_median_risk_seeking.csv,,0.25,2.0,5_95_IPR,kernel,63625.51907756359,13.1974171157653,0.089495001913259,0.3642421252409893,4821.058432832146,62314.07097421493,13.32639974730528,0.0876503324752737,0.3740979783720045,4675.986924886852
PROP,MEDIAN,RISK SEEKING,SVS,WEATHER,test_trading_strategy_measures__weather_scenarios_None_True_dual_coeff_MULTI_prediction_False_median_risk_seeking.csv,,1.25,0.0,5_95_IPR,kernel,69420.70907484497,14.370844092050945,0.0976464566662197,0.3326256685271391,4830.66329508398,68190.44036349063,13.972592886696034,0.0959159733275728,0.3611764130542775,4880.299663523295
SELLER,BANDS,RISK AVERSE,---,---,test_trading_strategy_measures______None_____benchmark_prediction_True_bands_risk_averse.csv,0.8500000000000001,3.75,5.0,iqr,kernel,1093617.2527647947,15.430060110935866,0.4618395742689091,0.1386642280896113,70875.7610081964,1093829.9647663338,15.441929680607576,0.4621387727864333,0.1388360147366845,70835.05671833211
SELLER,BANDS,RISK AVERSE,---,HIST,test_trading_strategy_measures__hist_insample_None_False_None_MULTI_prediction_True_bands_risk_averse.csv,0.95,0.25,5.0,iqr,kernel,1100610.4224956925,15.591136098658431,0.4716760950159302,0.1404564305611415,70592.0604843156,1099548.5433486896,15.624207685226295,0.4701824667097025,0.1396554234922448,70374.67534359418
SELLER,BANDS,RISK AVERSE,---,WEATHER,test_trading_strategy_measures__weather_scenarios_None_False_None_MULTI_prediction_True_bands_risk_averse.csv,0.95,1.25,0.0,iqr,kernel,1115113.7365657229,15.976261557858548,0.4920763076863156,0.1377697380867393,69798.16476635053,1113511.444064875,15.903913681597968,0.4898225395048066,0.1376772008231794,70014.93257306167
SELLER,BANDS,RISK AVERSE,SVS,HIST,test_trading_strategy_measures__hist_insample_None_True_dual_coeff_MULTI_prediction_True_bands_risk_averse.csv,0.95,0.25,0.9,iqr,kernel,1095841.827434369,15.500535475300076,0.4649686381601919,0.1402428190281957,70697.03038198779,1094993.4663179396,15.542972644907984,0.4637753421236531,0.1394675759599357,70449.42375785942
SELLER,BANDS,RISK AVERSE,SVS,WEATHER,test_trading_strategy_measures__weather_scenarios_None_True_dual_coeff_MULTI_prediction_True_bands_risk_averse.csv,0.95,1.25,2.0,5_95_IPR,kernel,1121692.7318710063,16.19773573582449,0.5013302549384535,0.1389092365757407,69249.97111726928,1121064.0253912683,16.14788869424153,0.5004459228587664,0.1389746765828362,69424.80510105628
SELLER,BANDS,RISK SEEKING,---,---,test_trading_strategy_measures______None_____benchmark_prediction_True_bands_risk_seeking.csv,0.05,0.25,2.0,iqr,kernel,1095841.0422153224,15.406075538254802,0.4649675336791426,0.1400411124255549,71130.44717288586,1094260.820043335,15.352396596222954,0.4627448093956207,0.1390285736920719,71276.22148014001
SELLER,BANDS,RISK SEEKING,---,HIST,test_trading_strategy_measures__hist_insample_None_False_None_MULTI_prediction_True_bands_risk_seeking.csv,0.05,3.75,2.0,3sigma,kernel,1113162.5493925852,16.087281427241976,0.4893317878407454,0.1406619739165448,69195.19338473008,1115567.6567600614,16.169342701431752,0.4927147871714303,0.1411419506858552,68992.76472514129
SELLER,BANDS,RISK SEEKING,---,WEATHER,test_trading_strategy_measures__weather_scenarios_None_False_None_MULTI_prediction_True_bands_risk_seeking.csv,0.05,1.25,0.9,3sigma,kernel,1119612.0673888377,16.142241958084075,0.4984036136392991,0.1379689691417464,69359.14294285084,1119425.5598691816,16.16216961988142,0.4981412740769592,0.1381224214054347,69262.08462087621
SELLER,BANDS,RISK SEEKING,SVS,HIST,test_trading_strategy_measures__hist_insample_None_True_dual_coeff_MULTI_prediction_True_bands_risk_seeking.csv,0.05,0.25,5.0,iqr,kernel,1099471.689229522,15.536844424873896,0.4700743644947163,0.1397390236453091,70765.44368747812,1099937.8027133236,15.70726885559621,0.4707299949356052,0.1410907716456013,70027.31110198295
SELLER,BANDS,RISK SEEKING,SVS,WEATHER,test_trading_strategy_measures__weather_scenarios_None_True_dual_coeff_MULTI_prediction_True_bands_risk_seeking.csv,0.05,1.25,0.9,5_95_IPR,kernel,1119618.6450001705,16.12431019441761,0.4984128656398697,0.1386190859648281,69436.68482561152,1117545.9575607404,16.06647973533577,0.4954974447671339,0.1387145878077518,69557.61162184575
SELLER,MEDIAN,RISK SEEKING,---,---,test_trading_strategy_measures______None_____benchmark_prediction_True_median_risk_seeking.csv,,3.75,0.9,3sigma,kernel,1117901.619905301,16.667545525087444,0.4959977157695302,0.1463719079458032,67070.56046270712,1126817.4016301252,16.823749290839395,0.5085385628084147,0.1466796393142638,66977.78135838498
SELLER,MEDIAN,RISK SEEKING,---,HIST,test_trading_strategy_measures__hist_insample_None_False_None_MULTI_prediction_True_median_risk_seeking.csv,,1.75,0.35,iqr,kernel,1133712.1874109206,16.917327024122404,0.5182366977012959,0.1442277159566638,67014.8532208641,1138229.8621426984,16.948829301457433,0.5245912125976074,0.1456118062772701,67156.84262893732
SELLER,MEDIAN,RISK SEEKING,---,WEATHER,test_trading_strategy_measures__weather_scenarios_None_False_None_MULTI_prediction_True_median_risk_seeking.csv,,1.25,0.05,5_95_IPR,kernel,1136673.7838283544,17.029355506172895,0.5224024488163701,0.1430074689928693,66747.9038426514,1137386.528685926,17.01573124598074,0.5234049884155249,0.1433710764788419,66843.23537106796
SELLER,MEDIAN,RISK SEEKING,SVS,HIST,test_trading_strategy_measures__hist_insample_None_True_dual_coeff_MULTI_prediction_True_median_risk_seeking.csv,,2.0,0.9,5_95_IPR,kernel,1121509.7235119944,16.725874086316246,0.501072837259551,0.1454777472403175,67052.3834942368,1135384.5504576007,16.963541098802292,0.5205890263931819,0.1464581858615277,66930.86920028533
SELLER,MEDIAN,RISK SEEKING,SVS,WEATHER,test_trading_strategy_measures__weather_scenarios_None_True_dual_coeff_MULTI_prediction_True_median_risk_seeking.csv,,1.25,0.05,5_95_IPR,kernel,1137772.5275003952,17.082133367211107,0.5239479303850406,0.1438760140617955,66605.99721603462,1138026.880541257,17.075189035562474,0.5243057007609625,0.1439159264572397,66647.98135886462
